,trueAlpha,trueTau,recovAlpha,recoveTau,cost,r
0,0.6751115733938364,0.7126917108992887,0.4208025065437015,0.01438607292552426,1166.0,"(0.40336976619365655, 0.0018629402910896856)"
0,0.8927792218746243,0.44629058007415956,0.44504627907433436,0.19127891568922825,1220.0,"(0.7010281663841204, 1.261482774967998e-09)"
0,0.37404006669087986,0.34328469656572286,0.5675012506029559,0.27013200604235366,1038.0,"(0.63642539585067, 1.0326065811317018e-07)"
0,0.9430482806526973,0.2552913336050375,0.6498027035092103,0.05659477054461941,1299.0,"(0.5051203466771037, 6.142399801828956e-05)"
0,0.4617894306032788,0.6995152595878692,0.0662584280127042,0.3412331228363955,1105.0,"(0.4089288618098697, 0.0015870387068966031)"
0,0.23162377401738377,0.5085618334212294,0.8680495733071865,0.25329527739241525,1174.0,"(0.562928965707729, 5.160560266845609e-06)"
0,0.2657271965341743,0.16838009011941668,0.18000595763966354,0.21701438769683828,1134.0,"(0.6890858578840556, 3.1008547144948393e-09)"
0,0.2928293029345087,0.23752763091091994,0.047266822150262656,0.04527020496759784,1194.0,"(0.4537110532338537, 0.0003931829299946913)"
0,0.6562384350673882,0.2630306360833289,0.37287048028451875,0.4814151176702681,913.0,"(0.5041913921694151, 6.369011103952249e-05)"
0,0.4357052465810425,0.04842610063700213,0.009569610912152669,0.7774269173222911,1436.0,"(0.471503698687313, 0.0002137251723311798)"
0,0.7081392776816,0.27629190778149487,0.5629444657988014,0.7842484759117463,1054.0,"(0.7581510186415137, 8.532387313412782e-12)"
0,0.36977630835468966,0.8059499677236758,0.5493786488946525,0.634967062396056,1461.0,"(0.38839596095493145, 0.0028308747041822795)"
0,0.8928859612065155,0.5816965544073606,0.29633099894100534,0.2634634381595536,1368.0,"(0.43330472471985865, 0.0007603547627253801)"
0,0.720229444572254,0.710606941422574,0.6665279592321252,0.3820590289225639,1135.0,"(0.4112086871233179, 0.0014848955400999088)"
0,0.18139508550030325,0.24556526764651931,0.7932446911551363,0.3754198369157162,1080.0,"(0.6719974127466563, 1.0452017522334722e-08)"
0,0.9243502375915373,0.41988483195135656,0.8030973984800394,0.5945623441505694,1030.0,"(0.37596895137440745, 0.003949361162160522)"
0,0.5769121295430218,0.11285444813287553,0.6681447763096152,0.09966232908310356,1482.0,"(0.2516809421789286, 0.058948514822322565)"
0,0.8778441914218904,0.031324710016434346,0.9259793802656736,0.35353492010122917,1336.0,"(0.514868171001111, 4.173093752234043e-05)"
0,0.8690707025793002,0.36364795000649497,0.07244282155416076,0.3713790746033933,903.0,"(0.5820140582647585, 2.0477250093560193e-06)"
0,0.15400549273881703,0.6067307150449428,0.34231901170870405,0.4924065096448092,1240.0,"(0.42088726583434666, 0.0011137276188886217)"
0,0.46156235367783904,0.4010861498148907,0.930289312220547,0.2519955631922672,1449.0,"(0.6088765215749197, 5.025123357767302e-07)"
0,0.4524562423243279,0.6199703162922209,0.686746233805505,0.9972020613989486,800.0,"(0.6218194976063124, 2.435279869751364e-07)"
0,0.11357724912817624,0.3198519377683197,0.9581760389771512,0.9245339004008905,1125.0,"(0.49288802102964735, 9.815805598947234e-05)"
0,0.8760892627817732,0.6655011895690147,0.5750882003334843,0.49002150131811145,1089.0,"(0.5716404037721832, 3.408689371892688e-06)"
0,0.9493139626576995,0.49290532687333993,0.4329694224327354,0.19349458430002317,1517.0,"(0.5587280640018059, 6.2768064471473846e-06)"
0,0.18345930232432994,0.4739090166842325,0.13141302738411678,0.5936229084938839,1290.0,"(0.5397689104028228, 1.4706649277988549e-05)"
0,0.62928186174306,0.5281066053650338,0.31317899256713067,0.9148764062369509,1361.0,"(0.5739739266226895, 3.044119799641436e-06)"
0,0.6730773331575423,0.07252385187309725,0.9558042419173581,0.022726187106561616,1178.0,"(0.39373024337799906, 0.0024442010930709693)"
0,0.7430826064420143,0.15592532358711214,0.2799511025172949,0.38822445591374194,1820.0,"(0.3710173176898408, 0.004493902935369343)"
0,0.16968370192365245,0.7397683319176452,0.3743636243673581,0.44476252071742944,1047.0,"(0.5895108169197012, 1.4012624260474441e-06)"
0,0.947949909925634,0.7599479765715381,0.3009135908748953,0.502447313644621,1366.0,"(0.5442477185723353, 1.2083128113848873e-05)"
0,0.645525061703643,0.712112154484304,0.720601419516327,0.2920842671396447,1065.0,"(0.5464330484154953, 1.0967221578963526e-05)"
0,0.07645432200391589,0.6263248512994883,0.17039367314477177,0.265356630862416,1042.0,"(0.6880034040382604, 3.3571405685675284e-09)"
0,0.5236591363205585,0.3650347200188923,0.5286740495310207,0.04222204087691973,996.0,"(0.4582083696738298, 0.0003380913450020663)"
0,0.29618012417904804,0.8447923791456893,0.005386705206193748,0.9585007693272098,1048.0,"(0.635259362530949, 1.1076391340384149e-07)"
0,0.1397092805876523,0.30219995968551644,0.19314380928338956,0.2015215513609357,1219.0,"(0.21315718694595492, 0.11138372118656524)"
0,0.6948503625580519,0.8948872122217231,0.6493097206415422,0.8207229402329496,1287.0,"(0.46571952340789097, 0.00026152117526882226)"
0,0.2732391315684082,0.757496874045725,0.4263620613798631,0.3139361927316922,1571.0,"(0.2287544611543822, 0.08697547936755405)"
0,0.10850527088087769,0.30318424971284375,0.42480889202236527,0.22304830575309462,1399.0,"(0.4971209046318925, 8.362745948341023e-05)"
0,0.4699796913171955,0.7004162078619521,0.6433225246306664,0.623004033295631,1062.0,"(0.3810529914124918, 0.0034517019127348367)"
0,0.9890024254761176,0.7891397703609644,0.8297959282512803,0.9366249257151337,1269.0,"(0.5913757157533981, 1.2731792594433004e-06)"
0,0.5139645150393074,0.3215102869264319,0.30310546920356696,0.47835228414074016,1217.0,"(0.5521837705465519, 8.470994089302002e-06)"
0,0.9180011418921393,0.769141232369782,0.2950015180437678,0.42059500494595625,1439.0,"(0.3951463915882709, 0.0023497832221828765)"
0,0.493248007156734,0.37424249005861515,0.6534884958865024,0.8804774972985626,1335.0,"(0.23827990550034392, 0.07427344098640991)"
0,0.9758868647327831,0.16485895454714677,0.4882481573272701,0.197256897850492,1339.0,"(0.5583789970122055, 6.379007159452634e-06)"
0,0.33439022014032027,0.17882146560950396,0.2082507629024813,0.22349401912216316,1252.0,"(0.5064170954497735, 5.8384622651608227e-05)"
0,0.5354167264209696,0.6375822532541382,0.015938697004228914,0.7197419144283179,1288.0,"(0.6755843259282697, 8.153053672974457e-09)"
0,0.7845578975101015,0.9728845378284078,0.04233458141752565,0.18474478108038817,1404.0,"(0.5425788948250739, 1.30052336442178e-05)"
0,0.08420642229866815,0.9853973517629561,0.15911210691154465,0.8697841902751464,1513.0,"(0.5462224971021142, 1.1070418330010034e-05)"
0,0.528259245860247,0.39713442707791524,0.21356615870710466,0.22980927064736217,1137.0,"(0.6813875917690493, 5.414774371649328e-09)"
0,0.057738084962558944,0.5831558680960743,0.10989645431735398,0.15909394359940512,1240.0,"(0.5865125727743548, 1.6326973308406172e-06)"
0,0.25070118394269814,0.9977287782681834,0.1854099764280731,0.9772827110408413,1048.0,"(0.5926473231566691, 1.192212334527531e-06)"
0,0.7817933061840083,0.2655773264652023,0.5033360773484606,0.7505388873778951,1101.0,"(0.8041637533466581, 4.9547015714100124e-14)"
0,0.34978094430741036,0.6451690616588411,0.24880121848135775,0.6370201795646565,768.0,"(0.522878136013345, 3.010378285300694e-05)"
0,0.49573927438909104,0.037078299156536924,0.5999060337040328,0.3024312922687195,1114.0,"(0.7026202580338017, 1.1152296024061337e-09)"
0,0.23679161606949017,0.2195174420622384,0.6667808751862548,0.6682542982024825,1109.0,"(0.6520386700669786, 3.921010198499746e-08)"
0,0.48802583824017975,0.7836357808496429,0.35874692778411066,0.8574273689823245,1047.0,"(0.6078653978044269, 5.310498612541425e-07)"
0,0.0105337427934874,0.121507839824402,0.6675738892610412,0.978544517252084,1056.0,"(0.599324012144767, 8.40420668281337e-07)"
0,0.6123898814567992,0.8794816208550428,0.5169509447167326,0.10583614690322321,1227.0,"(0.44459671658135996, 0.0005305539350885019)"
0,0.11583067106376632,0.7237708118230195,0.13787614264508577,0.5430534252358021,1430.0,"(0.487546223246087, 0.00011979529528347778)"
0,0.8407706394140612,0.97666871581256,0.809519766223317,0.8005335035654931,1357.0,"(0.578727371120594, 2.4110965989926233e-06)"
0,0.3195693927232458,0.5918593340291007,0.927128743785133,0.6064494177491498,1298.0,"(0.5318907835939239, 2.063915875775613e-05)"
0,0.2717854958267,0.4347422526201807,0.21837208933261254,0.30933635047045693,1550.0,"(0.4712494383339605, 0.00021564600120363382)"
0,0.46064389559494867,0.5513619879362002,0.2365952618769854,0.3527545061490855,1521.0,"(0.4325267890387793, 0.0007790877548826035)"
0,0.6913738423920346,0.22705346832920506,0.7159469604311142,0.46385106408052573,1219.0,"(0.46858545390305784, 0.0002367401842346805)"
0,0.9453246112503302,0.5240174881820238,0.5004184183768475,0.6173265800867522,1616.0,"(0.53125533312695, 2.120331373660922e-05)"
0,0.42771090266577105,0.4484861533527387,0.23639091643607785,0.46976140872254907,991.0,"(0.5213864648064949, 3.201150787431507e-05)"
0,0.0419695144966129,0.8214694938626974,0.6391371474693495,0.21210075595194988,1381.0,"(0.5098782443121548, 5.093713014847913e-05)"
0,0.050074218328462594,0.45890491086568386,0.7955459435073083,0.15730622948463605,934.0,"(0.5414964916953454, 1.3637753028960863e-05)"
0,0.6341617782058392,0.26849545253561086,0.0705207404833863,0.6730857717734483,1250.0,"(0.524318357208459, 2.8362024879036667e-05)"
0,0.5416630633834212,0.8625519142565357,0.7748481836735035,0.8343788709098977,1274.0,"(0.43869767365110524, 0.0006412784101649762)"
0,0.16707936559577952,0.6966043826345566,0.7775177497918796,0.2647922653468342,1422.0,"(0.3236219255933962, 0.014063420772660339)"
0,0.43135942825613505,0.03702533930259847,0.6928713906958704,0.6099974273606333,1151.0,"(0.5082680304234384, 5.428566861046333e-05)"
0,0.813335096789149,0.825618853438692,0.21839453955220586,0.004573099554841439,1122.0,"(0.6976047070008841, 1.6397845170933576e-09)"
0,0.8148673403488849,0.011132405134615421,0.6753691163113078,0.7855985627983626,912.0,"(0.4125028970221772, 0.0014295687162977754)"
0,0.8176416128038608,0.7937052810813965,0.9147920408802166,0.4353416318938835,1118.0,"(0.6359189047551863, 1.0645914062000543e-07)"
0,0.23139902751581753,0.1941875996349595,0.3207211657076024,0.6219384718711292,1151.0,"(0.580597431649047, 2.1975782525815413e-06)"
0,0.6614942717844019,0.018542183030850198,0.9846285963663816,0.660466515977193,1356.0,"(0.4828135022580209, 0.00014252990950033322)"
0,0.48345893624191894,0.4214149755188488,0.3386394050355781,0.8807902786947114,818.0,"(0.6446128276074085, 6.2573432898279e-08)"
0,0.6766178763172856,0.7969022979443524,0.7438175078619658,0.09028153449835441,820.0,"(0.5171332711820572, 3.808111704689769e-05)"
0,0.12999986600522728,0.4240660513077907,0.8022065243740386,0.6861184840878572,1361.0,"(0.42203810085171306, 0.0010756695065011232)"
0,0.5422027374557492,0.4434569931482593,0.6498018344002054,0.6598676715974076,1063.0,"(0.4240967120689279, 0.0010104974597271647)"
0,0.8752754002162833,0.7250151434842507,0.48510662455270287,0.5368773035205364,1079.0,"(0.6165418624019513, 3.2850367181758255e-07)"
0,0.6018673612409703,0.2930424878829679,0.8729026176808848,0.8474656269172418,794.0,"(0.4142641328682813, 0.0013572455147242615)"
0,0.4334451427510385,0.9752827610726001,0.6216875941957956,0.4496795610341516,1478.0,"(0.43886817497300756, 0.0006378052997004037)"
0,0.8443772908497759,0.6470787187294765,0.25053773048077466,0.3362371211294482,912.0,"(0.5782425683119305, 2.4695270320018915e-06)"
0,0.7159898197935004,0.6223651196016885,0.9192387285612581,0.44300819402617553,1080.0,"(0.5632036254439142, 5.094436452016338e-06)"
0,0.9237648707763272,0.4915071113557402,0.13823173179076254,0.26685099869896123,1239.0,"(0.6670575483575831, 1.4634097296023596e-08)"
0,0.6793818631842677,0.046189927679224016,0.9706979324291592,0.08831165888039887,1470.0,"(0.5593244529068716, 6.105709902634281e-06)"
0,0.8374760225225913,0.9022044697669155,0.6573866425978911,0.4731746441822242,1487.0,"(0.6815923228546354, 5.3362515679329015e-09)"
0,0.11113511099838969,0.9884084119492205,0.4082109375090843,0.7835102779211505,650.0,"(0.5862596898485225, 1.6537678521116644e-06)"
0,0.9219403278867019,0.7679184651709194,0.13269218210148795,0.29368017644683736,1078.0,"(0.4970493772218497, 8.385562798213361e-05)"
0,0.1735493970506281,0.5765241947214671,0.5006112929310181,0.2154413939418052,996.0,"(0.4012734411306524, 0.0019776243137043263)"
0,0.4684250902245709,0.23332987353991544,0.7541793355558232,0.17812158762836935,1384.0,"(0.37880594013757585, 0.0036643688597622)"
0,0.20741781519629776,0.629757999386809,0.9666661807968485,0.2411766375778821,1000.0,"(0.7288761258854451, 1.291998505530972e-10)"
0,0.5238101818361394,0.06414293464847563,0.7609968933863542,0.45144082870719143,1126.0,"(0.6935615365981183, 2.224799476979076e-09)"
0,0.7425694596848046,0.7466239988657,0.9975325164505398,0.09514487130738085,1034.0,"(0.5661593693052569, 4.4310416952199005e-06)"
0,0.17064014692728346,0.018590486488094637,0.6152107896295829,0.5496306311973743,1312.0,"(0.49323521635050827, 9.688427239855757e-05)"
0,0.24125721827366875,0.33813713749227886,0.09905715192558319,0.7263167897160226,928.0,"(0.6975772368070371, 1.6432149283361839e-09)"
0,0.4799539743580131,0.18440913044417642,0.6900373876750837,0.19036390642110615,1522.0,"(0.4767717085877153, 0.00017728044866212913)"
0,0.3103753618753602,0.7130232381005986,0.3536280275067051,0.4541485642819033,1294.0,"(0.605250879023263, 6.120391364382329e-07)"
0,0.10214467129294835,0.6515454336749384,0.4643629324488331,0.08206542738474047,982.0,"(0.5168085053515216, 3.8585673599736676e-05)"
0,0.4759776812148775,0.4242595455845853,0.234276625394104,0.4676556533817721,1115.0,"(0.5006538169337295, 7.304226022905197e-05)"
0,0.8370580127693155,0.06587644096413248,0.7741794381514179,0.20793185269044845,952.0,"(0.4603899780484261, 0.00031398209895117855)"
0,0.7729096959297115,0.0776195569949756,0.26462751097573634,0.5033370823111029,1172.0,"(0.07008857477443518, 0.6044082300207761)"
0,0.833655605362756,0.7959919555454779,0.9591021490951293,0.6330159517729893,1037.0,"(0.5407455932064122, 1.4093179989718365e-05)"
0,0.8451058003124777,0.3734908885907285,0.7664804771357606,0.9970611357218321,1381.0,"(0.3733262660616504, 0.004232258705674731)"
0,0.5862444514133475,0.7606482671084973,0.021026536041237377,0.5059842319756549,1048.0,"(0.39096777805684296, 0.002638145551691913)"
0,0.1993844215203816,0.8175457124943669,0.5785230220574319,0.7420258600046953,1291.0,"(0.44270172526426377, 0.0005640720110389558)"
0,0.8487077821039672,0.4236861330210961,0.9720070830244,0.6433521711192279,1307.0,"(0.4606152096588684, 0.0003115843293094775)"
0,0.4463307113431736,0.5355040131138638,0.16829827529870542,0.09167879237076029,827.0,"(0.6562028517408256, 2.999953747666677e-08)"
0,0.14374130443273458,0.0487093246851456,0.3637556449887845,0.37137954224195635,1344.0,"(0.3816023527279815, 0.0034014006007116997)"
0,0.7538286660877668,0.9466536890488774,0.21606781445996273,0.28614494064471435,1117.0,"(0.6803553540837114, 5.827596317876784e-09)"
0,0.20943027827507688,0.08826354068470058,0.15702468336066921,0.6988586030574486,1511.0,"(0.5759492273978213, 2.764275175318299e-06)"
0,0.9310314369665866,0.2418961819738666,0.6629167383805799,0.7137748203118495,812.0,"(0.52807899973738, 2.4243407141222407e-05)"
0,0.49319440916693,0.34941708332063665,0.43751116435981297,0.20701780364649217,912.0,"(0.4903288910451844, 0.00010803163800706214)"
0,0.8981022556203839,0.4560661863799103,0.08541249115811841,0.03620404600844754,1427.0,"(0.3480227539050949, 0.007982898603657624)"
0,0.26061802768123565,0.5189486076865654,0.3799269581989708,0.5171689763925479,861.0,"(0.5823948438082522, 2.009103158878168e-06)"
0,0.009852559820676676,0.8849949642949633,0.9308906722215999,0.8873884089602408,1204.0,"(0.5969348930701073, 9.533012876292932e-07)"
0,0.4620005878515676,0.22441618385202242,0.6696082832894472,0.013164037359122513,1262.0,"(0.5790756041162333, 2.3699249435956746e-06)"
0,0.6031168268825957,0.5477705291781365,0.6455436293769976,0.5747764978852702,1329.0,"(0.5376605694312687, 1.611623454114217e-05)"
0,0.9642862613910346,0.6348806349162112,0.6122764660044142,0.6669465506645318,1317.0,"(0.6926107548013029, 2.3885706087686757e-09)"
0,0.731939258349977,0.9364250609735136,0.6142786199702629,0.5872107996853935,1043.0,"(0.5609242497429223, 5.667931635207218e-06)"
0,0.1188228569913593,0.8997628788116355,0.6854608265049127,0.2585941903221026,1219.0,"(0.5041509497821927, 6.379049254318722e-05)"
0,0.42464565973939694,0.21995508072508488,0.505410309307581,0.10355650747759094,1722.0,"(0.4294879174177651, 0.0008563222375726616)"
0,0.5773093312334975,0.19688613238015187,0.8748208364612029,0.2883693613754539,1044.0,"(0.4461419672508481, 0.0005045690131615934)"
0,0.5328544026655262,0.15576780643852586,0.38465066644356377,0.10819378948952119,1145.0,"(0.6188175048905046, 2.8892386904851977e-07)"
0,0.44789682941343456,0.5196531982772631,0.2891843192584575,0.38865387420970615,898.0,"(0.5252518211406608, 2.7283372212836957e-05)"
0,0.21780210096756403,0.2360588462444038,0.5014754053205436,0.06326234633030468,1316.0,"(0.41142967747047654, 0.001475314620471162)"
0,0.6955297907078556,0.763802026801583,0.18981325345201028,0.40121732732124843,1411.0,"(0.29042439607189546, 0.02841177349889488)"
0,0.09814492407445485,0.39122742884851475,0.11145601569605698,0.5683422483107975,1058.0,"(0.46228868059967954, 0.0002942842605123426)"
0,0.9705339156817374,0.4189391109224,0.10081572629618767,0.3925940666035563,1498.0,"(0.2502202419731037, 0.060483504029261954)"
0,0.8222976885922932,0.6167754456386779,0.8286377330123526,0.9141669648398524,877.0,"(0.38838942472170285, 0.0028313800365153663)"
0,0.6127359674037848,0.7331301236355809,0.10047482355344439,0.6117052693270081,1474.0,"(0.40384095084448446, 0.0018379956226417984)"
0,0.28184114451721887,0.22427652311030863,0.47103390218021096,0.35177400377011375,1500.0,"(0.6888263104206668, 3.160562585481165e-09)"
0,0.7396058765029635,0.9071911924100591,0.45960026293007483,0.2596798324915594,1206.0,"(0.5891533175408679, 1.427151812543003e-06)"
0,0.22418695123137933,0.48547883130703545,0.5453596148428115,0.2338176856408193,907.0,"(0.4084951996957538, 0.0016071650320724174)"
0,0.23561560508989632,0.7177771869287378,0.1743914564927853,0.8134169547138494,1232.0,"(0.41716846866536794, 0.00124512404709483)"
0,0.06795888399711147,0.8767576486458734,0.433929340679847,0.5710618860933242,1059.0,"(0.40098771897897756, 0.0019937336270899027)"
0,0.2701531454578565,0.7271409194435191,0.705903694922548,0.79727951169865,706.0,"(0.6966916083014545, 1.7575215342970481e-09)"
0,0.07803276974947115,0.9288625941276187,0.4907069436211644,0.5694995605840821,1230.0,"(0.7155707876639564, 3.9689024236298307e-10)"
0,0.9497843943088939,0.8214375296193148,0.5963923605533675,0.5195756881012947,996.0,"(0.6295745817836906, 1.5527898795510813e-07)"
0,0.15053308051653902,0.14243108707447785,0.09025073113249538,0.9295628711951629,584.0,"(0.6001158373061087, 8.058575618520468e-07)"
0,0.32133662668617013,0.5611221832373149,0.24832780345336453,0.029509182645063574,1170.0,"(0.6479291423973584, 5.086481602713657e-08)"
0,0.12875099776714072,0.06590023364826948,0.1765528660142682,0.01582624667623729,1501.0,"(0.5837237521388311, 1.8795788067692397e-06)"
0,0.9527566622199775,0.5978247459702527,0.07039993534575453,0.5144475240352977,1434.0,"(0.4883235466449041, 0.00011639628774995214)"
0,0.06616970181894499,0.16201402704139503,0.746763031768675,0.6551163829768956,1158.0,"(0.3255311822034151, 0.01347479266242626)"
0,0.019672959872915396,0.010594100256036992,0.37193093436439684,0.4895057515930965,888.0,"(0.6412985012521604, 7.677681443131368e-08)"
0,0.1341643964453051,0.5692848795063604,0.7917262495185667,0.24431402512630432,1524.0,"(0.4918974289515953, 0.00010187727542476276)"
0,0.46137597097325356,0.06618178256044134,0.35699602469677355,0.1005062256683101,1021.0,"(0.48608976615223665, 0.0001264099816665658)"
0,0.8213491916770929,0.8980872390824128,0.327152805840688,0.330750571754125,1220.0,"(0.4500486083318869, 0.00044393864609536797)"
0,0.02275721085199156,0.5230837096928639,0.023541829137108783,0.09464728795755747,1204.0,"(0.5177201424312188, 3.7184762303827716e-05)"
0,0.07512187640915069,0.4458294127573533,0.30189608883437924,0.4080216490684631,1188.0,"(0.6538771757219843, 3.4856134746513186e-08)"
0,0.22201291938999856,0.9218645785324479,0.9507783733926582,0.25930434901159893,1094.0,"(0.4973290734966699, 8.296665345394917e-05)"
0,0.7936027459521541,0.11970433030057524,0.6269645542832634,0.3102404106195516,939.0,"(0.7177461535585432, 3.317997836262407e-10)"
0,0.18701392474410616,0.8894909261248941,0.9193901204835371,0.8301096339321562,1059.0,"(0.6388653886259105, 8.907875816529035e-08)"
0,0.4534754845362624,0.8393984266590755,0.8840962668655074,0.14619156846197265,1389.0,"(0.6288202836748975, 1.62314661209924e-07)"
0,0.7149894882318095,0.31461583520613945,0.8694484128263544,0.12923627514965907,1173.0,"(0.3661040444559587, 0.005098535917105497)"
0,0.41088968464076514,0.8910562163187394,0.9681317795122729,0.9466741801922319,1173.0,"(0.5189294415300043, 3.539881729674539e-05)"
0,0.8733790908568414,0.574733989642158,0.4023700419889957,0.06113286131879855,847.0,"(0.47893734021064943, 0.0001640208892504154)"
0,0.4547094642245998,0.6414719685710432,0.32616902849440255,0.5857834469383684,1268.0,"(0.5600181664588502, 5.912152689730976e-06)"
0,0.44957751428759807,0.5345831889913039,0.47967545966092606,0.9588581943720627,1595.0,"(0.5306708525761705, 2.173478191583098e-05)"
0,0.141923643611364,0.53953004305656,0.925741647234528,0.5986729166583519,1031.0,"(0.6903029014087207, 2.8348324840763424e-09)"
0,0.17086458203005206,0.21000039123110614,0.5531388426468323,0.5779303473771805,1548.0,"(0.42694085059450687, 0.0009263020980735168)"
0,0.18930800117192037,0.5497472188431379,0.27589436641070025,0.13559632777472963,964.0,"(0.6500608540934616, 4.446359482033016e-08)"
0,0.6101518924909299,0.9634829715162846,0.4774637000444837,0.8893375700033456,1321.0,"(0.2904740624278352, 0.028383465685702193)"
0,0.13832551292678952,0.42608646414895335,0.1479643872460562,0.8563706429770299,1035.0,"(0.6702314016692321, 1.1796995637139122e-08)"
0,0.6375929090969221,0.05705446974431991,0.2600837037531413,0.8651789079091029,1142.0,"(0.3578831446584023, 0.006270915889673845)"
0,0.4600310607119248,0.9520220983098953,0.14304416239673126,0.48476121481810996,1324.0,"(0.7674790110693239, 3.3075151124543027e-12)"
0,0.001624282908292085,0.23618210802680858,0.182487991197403,0.3437177413050501,1061.0,"(0.5384587285481688, 1.5568500766567757e-05)"
0,0.7984356083966643,0.13071035795106922,0.6860342021303527,0.037177886961169894,998.0,"(0.504719945016997, 6.23914903621428e-05)"
0,0.9057778415870441,0.856336562121847,0.44105100564514166,0.06533818794310772,1133.0,"(0.6076159826158101, 5.383190936552559e-07)"
0,0.9720903398102217,0.1832882979581942,0.06260499218706794,0.5712528908128295,1092.0,"(0.5093907230925686, 5.1930307957051115e-05)"
0,0.5760719908720096,0.7569157052564957,0.4794134604751171,0.23413539084714977,1305.0,"(0.6187676522582976, 2.8974078670075686e-07)"
0,0.14628867844617255,0.2668409120647856,0.14055852972290167,0.9716494926261782,1077.0,"(0.6127856885191642, 4.0514729554219816e-07)"
0,0.6169671318935108,0.9399497352701864,0.5460220869265483,0.24421229650415716,1329.0,"(0.6891897932367171, 3.0772452964404723e-09)"
0,0.14117154546950728,0.5369752667878753,0.90788470381492,0.4145025110542019,1288.0,"(0.590666703573047, 1.3205275935512985e-06)"
0,0.9556019439148924,0.09453901774148253,0.633283134481185,0.6482631455347089,1385.0,"(0.4283896158659892, 0.0008858911818129771)"
0,0.9968918429532752,0.17087112492251083,0.1630649869309626,0.10047268112823916,1128.0,"(0.6298537181382274, 1.5274878985816917e-07)"
0,0.7177262913371879,0.38698668669477587,0.5324366446357861,0.7854332396485342,1206.0,"(0.4416707950410897, 0.0005831012328818142)"
0,0.02524086048446017,0.3477914565969792,0.17883642041524228,0.8125541497876105,1824.0,"(0.16421252233873457, 0.22223107735656553)"
0,0.9237313653116433,0.6993655625964708,0.8616845184603887,0.2615273037355991,1076.0,"(0.5609144887273919, 5.670511805133923e-06)"
0,0.42688790450804603,0.7035884706872446,0.8076619171619118,0.6130432140226393,1016.0,"(0.5541870178541006, 7.733440391020672e-06)"
0,0.3168350885175366,0.23620637087558607,0.6397239846841172,0.6933811287216813,1063.0,"(0.6939571025055298, 2.1598439596128767e-09)"
0,0.7870682306072436,0.4949799519089656,0.038139057595694005,0.177365195566855,1207.0,"(0.8065089621115922, 3.6766031577149084e-14)"
0,0.9170268006635406,0.10992863096862468,0.9402606386769288,0.8202779647703394,1154.0,"(0.3491521883947221, 0.007768115326483871)"
0,0.1280741794238881,0.43296272719135337,0.6950617954224141,0.8958834981240291,1098.0,"(0.5590263108810759, 6.19069344663123e-06)"
0,0.6994539037339874,0.8625152698876906,0.3558891178473692,0.3801084339972264,1062.0,"(0.4862098985086525, 0.00012585198211872728)"
0,0.6573333034141348,0.7388717175162596,0.6836680250947789,0.2142063985611195,1365.0,"(0.5353551955163842, 1.7800162614826348e-05)"
0,0.7853550783993646,0.3981645132927915,0.40933072310591107,0.3188664236552301,1208.0,"(0.2529792119170012, 0.0576107561908481)"
0,0.12148635037178135,0.8882679988047968,0.134193234827358,0.006185016973940165,1076.0,"(0.346109248729831, 0.008358599453319895)"
0,0.02445954419707297,0.39525180955173445,0.011412352672303894,0.7893161220032279,1387.0,"(0.5370025707950126, 1.6581151480629926e-05)"
0,0.30834306746667717,0.8232267727188306,0.432139442746034,0.25183557568471177,1258.0,"(0.4365529805924489, 0.0006864501667357246)"
0,0.2958426397655446,0.2787183368210432,0.1090219139164611,0.13275712491689393,1047.0,"(0.6199094356744654, 2.7156378290899943e-07)"
0,0.996447639014349,0.9527728772878338,0.01167111667601363,0.21377822773199223,1225.0,"(0.24466826824426913, 0.06661410996357295)"
0,0.7070720033750991,0.19307122718237898,0.2738128041749506,0.07611148790393629,1301.0,"(0.5076779618171245, 5.5562677228016824e-05)"
0,0.5988902886598706,0.7860875853257169,0.05775951222149539,0.21897809838966228,1189.0,"(0.43968878933369543, 0.0006213261430736463)"
0,0.6379898326887203,0.09830026087493779,0.8379102265001528,0.4697527492325895,1189.0,"(0.4781283914481906, 0.00016886389499274238)"
0,0.4575846114537869,0.3891001819869368,0.39083674595732865,0.038428691564342234,1001.0,"(0.4369388104020978, 0.0006781175784355716)"
0,0.7293726878410387,0.053588063269022365,0.861086872391728,0.9419016905200925,1292.0,"(0.5250235924896064, 2.7543539445858877e-05)"
0,0.923897025735669,0.589594331827457,0.5670928301022264,0.8820483812593526,985.0,"(0.6227172514167436, 2.3131127303302717e-07)"
0,0.8812951551608218,0.31189201008998074,0.7163727675794754,0.03566979032912445,1070.0,"(0.4798705720942611, 0.00015859182631017892)"
0,0.4092343554251059,0.2508848959800758,0.7460531628994368,0.5235391848802455,752.0,"(0.7005327295872844, 1.3105815797623906e-09)"
0,0.06437783446171452,0.9488660428553044,0.7225202559726089,0.37621012035846463,1460.0,"(0.5489833303368519, 9.786144377026592e-06)"
0,0.11286848123881399,0.23384801966373023,0.8651351473822262,0.6861682622042721,819.0,"(0.5368730369806154, 1.6674126222598888e-05)"
0,0.8509129514679519,0.029512993523175192,0.4264741991734946,0.47629612411129296,1187.0,"(0.4832790341688454, 0.00014013013859486118)"
0,0.4083241557725372,0.388222004207173,0.8733616529263065,0.7899752534727946,928.0,"(0.5010901825932326, 7.18240421255642e-05)"
0,0.5071852783197774,0.4826029121788552,0.47158595001432957,0.6873515942312782,1003.0,"(0.5403684307974846, 1.432721395408217e-05)"
0,0.6422431123041541,0.02162775198629191,0.5046384004345928,0.03239939000008108,1281.0,"(0.4801035229380505, 0.00015726252721482266)"
0,0.20453297863963327,0.8301033889425756,0.5050225836426723,0.41707309651967517,1458.0,"(0.4930630775680727, 9.75139034215902e-05)"
0,0.047373350882869536,0.8887365522796651,0.2164786543446606,0.5232116855305071,1180.0,"(0.6551954237454493, 3.2019266262280605e-08)"
0,0.6199004926482318,0.04414728360123598,0.7562690414141485,0.006402120100373936,1191.0,"(0.3691714287272595, 0.004713217817475439)"
0,0.24937846356154403,0.6679956544293886,0.14380720485130058,0.4446067640496543,1456.0,"(0.6940422436147542, 2.146099726549834e-09)"
0,0.9847305954501201,0.9808737473908963,0.01580362440062988,0.8407821980910589,1156.0,"(0.4466760879441556, 0.0004958590942934631)"
0,0.031119577388396547,0.2317769016871742,0.31010979072532063,0.727281272439833,1252.0,"(0.5748122987812315, 2.922266580634293e-06)"
0,0.7302936646344487,0.9102811532996901,0.8420788832594392,0.5135881912233644,982.0,"(0.6044336737609525, 6.396374369020492e-07)"
0,0.7419227608923138,0.11553168651804487,0.676671159719679,0.532444758784046,728.0,"(0.42603182536685247, 0.0009524981046761612)"
0,0.30399661068165584,0.2900563735753697,0.23530786453695907,0.7454731594293723,931.0,"(0.572333956124842, 3.2962945987507268e-06)"
0,0.4265539990755076,0.8113814701200432,0.4388034315387681,0.6686445143774862,1343.0,"(0.5178255814786237, 3.702579873990748e-05)"
0,0.709571879610334,0.33116114295258475,0.10813718620358148,0.6950524623652158,1100.0,"(0.49457633171359733, 9.210517988597606e-05)"
0,0.03036426891504318,0.5193917829446861,0.49826198653470993,0.1943750028661806,1082.0,"(0.6729844088029652, 9.76480391187975e-09)"
0,0.3396779862533137,0.21644447641218056,0.937070444329213,0.09210883329362228,970.0,"(0.6164775671028805, 3.2969256553563714e-07)"
0,0.9409207350003097,0.5924510986958245,0.6118627536598947,0.7549924915341709,858.0,"(0.5441190716453254, 1.2151994351909418e-05)"
0,0.5636170516696591,0.5143912591951978,0.41926330902677067,0.006752728623167876,720.0,"(0.2755472210330446, 0.03802402714735435)"
0,0.3486611420421627,0.18010821341402944,0.4078029410724599,0.6334147275366653,1174.0,"(0.48786598620340393, 0.00011838620067450874)"
0,0.6755624756367221,0.9421424825593361,0.6372577045114343,0.3808651346756428,631.0,"(0.2762711546814267, 0.03750092416274769)"
0,0.8533443704943658,0.5207269165952806,0.2636229531031793,0.8024045679409297,704.0,"(0.7080772419697923, 7.265174782179882e-10)"
0,0.48536846639397013,0.5143158730598735,0.836249769440361,0.24228660739349261,866.0,"(0.7180637172284006, 3.231909127342527e-10)"
0,0.31488213554183697,0.5480665994844381,0.0905249938937365,0.1002014381407174,1181.0,"(0.578670999417332, 2.4178238609720776e-06)"
0,0.27510226916425373,0.69400209071801,0.7575740054111875,0.33301912995117555,944.0,"(0.5640998379757192, 4.884118547433382e-06)"
0,0.12446461357002692,0.6947797715046448,0.7782419950127212,0.6584194034795912,1247.0,"(0.5531855637332274, 8.094353581328476e-06)"
0,0.9947706530140195,0.9639072915702305,0.5989721562106335,0.04150630740562381,1480.0,"(0.5054902481159748, 6.054249177218164e-05)"
0,0.23774293417996328,0.07070599668373352,0.35874565068185793,0.12853527103033582,1306.0,"(0.39510871059134844, 0.002352252837974971)"
0,0.709425639241949,0.9612381017946638,0.10630842976387955,0.9585897358997753,941.0,"(0.5808281854235308, 2.1724906455862974e-06)"
0,0.23733212034795792,0.4983029701373076,0.9820572496074623,0.9145464817892104,850.0,"(0.5397440011363831, 1.472261400473178e-05)"
0,0.6268187529250674,0.5251882622782784,0.460298961558704,0.6700692771086159,1246.0,"(0.4907782640122478, 0.00010623450540704647)"
0,0.5408262332998655,0.08137692129342902,0.43057394049090525,0.19740007816144423,999.0,"(0.7400621203753921, 4.7739031581102075e-11)"
0,0.6972935111459476,0.9722847803474229,0.30400254096126994,0.6742066764030565,972.0,"(0.4088792331045896, 0.0015893304956440246)"
0,0.9169017965343849,0.8110505219512626,0.6325710421326047,0.18632384279684364,961.0,"(0.46629010219676437, 0.00025640676107680475)"
0,0.1787875404417545,0.5211541563917301,0.8605773438453533,0.22486109980357089,779.0,"(0.5166058790468845, 3.890359099660422e-05)"
0,0.7639276909368101,0.1842946883018158,0.07633547258477312,0.47365561021533914,1152.0,"(0.22619678413978664, 0.09066117326430007)"
0,0.6958291605272835,0.9523874715199013,0.88559368064821,0.8176036550838798,1010.0,"(0.6607263660340004, 2.232236773226498e-08)"
0,0.13774173482822882,0.4609826227703261,0.2997276364225333,0.8924516014625316,847.0,"(0.6043402925293796, 6.428642182420538e-07)"
0,0.7127501791085523,0.6700319183898246,0.7430928969600401,0.002789427344262982,1155.0,"(0.47924958564522496, 0.00016218577106914584)"
0,0.6865154786928099,0.6187690930316162,0.708841130055854,0.3932321618815653,1268.0,"(0.3080534590805189, 0.019741107529692666)"
0,0.2336356390167469,0.13745276986991614,0.046108616089876646,0.5923936011575776,1327.0,"(0.5346023018161021, 1.8384465280440667e-05)"
0,0.15967089080888563,0.26603606317052886,0.9577035652509155,0.9373487067828616,1123.0,"(0.6209902331907039, 2.5534849470838637e-07)"
0,0.8083187564174619,0.4637632730405434,0.6527343611263811,0.6413161594188483,928.0,"(0.5994075064808724, 8.36711769415087e-07)"
0,0.10884374407509168,0.398627090412404,0.7418286539578757,0.1476042292815614,1469.0,"(0.5040441492032097, 6.405628101191469e-05)"
0,0.4879130910753854,0.9468275458270801,0.9529113145142913,0.8900968967686327,1021.0,"(0.7351275172532363, 7.452232497487227e-11)"
0,0.28183398511150615,0.07940765721051153,0.30059134050681263,0.3461114864220643,1170.0,"(0.7147261047284799, 4.252892180930488e-10)"
0,0.614930914754019,0.13247566946804554,0.38596165751942624,0.41232273283200066,1072.0,"(0.7110559444501979, 5.726109703576365e-10)"
0,0.060939273097787794,0.36909066606775004,0.9981396304141983,0.3363909844092727,946.0,"(0.4874795044320884, 0.00012009123542028311)"
0,0.30286503550904,0.5528895160302387,0.2791474263899717,0.21687770591734093,1094.0,"(0.4662006601109957, 0.0002572024064341932)"
0,0.20401625052320715,0.1746481711200082,0.45432781792533505,0.6630357292965201,1569.0,"(0.3878613134440518, 0.0028724751889839784)"
0,0.027943583065641264,0.18202805635018562,0.44165345967258995,0.3742300023484911,1473.0,"(0.3488789791620004, 0.007819604227912894)"
0,0.9492718024860068,0.8404283851434472,0.13615795551883245,0.7755608992960303,935.0,"(0.7154436204642571, 4.0104758141896387e-10)"
0,0.07470384797522789,0.003844739073128338,0.9849199987248147,0.46083028086736844,1376.0,"(0.5153678581745396, 4.0899101206951425e-05)"
0,0.4721446066536069,0.8296519306114102,0.19892297157198918,0.020512081380204786,1648.0,"(0.5549861784853735, 7.456221403453208e-06)"
0,0.06171438900018256,0.32968747558014994,0.380665074855818,0.10755744499437875,1257.0,"(0.4842315856832997, 0.00013533472126560296)"
0,0.8284045429607563,0.45114284750899797,0.2919770402417404,0.05393089460266125,1410.0,"(0.316849941226709, 0.016332545493367552)"
0,0.12116388651172083,0.7165549904264071,0.8695887584008578,0.7938429647853587,872.0,"(0.7038531109584143, 1.0131690359436814e-09)"
0,0.042595462293417485,0.1575714067825995,0.5394707403557021,0.3105232139693172,1236.0,"(0.45227934038414414, 0.00041236075745121093)"
0,0.7538669080059021,0.3857487771834226,0.1408695276205457,0.4048047664484428,1295.0,"(0.5631827895055872, 5.0994248908472685e-06)"
0,0.017246277247628727,0.16477855963590202,0.7555565744202871,0.6939655258672384,1477.0,"(0.536671365113972, 1.6819840718742774e-05)"
0,0.7005554281556879,0.20002483594901102,0.8113529022838565,0.7127416554744423,861.0,"(0.6974259847797076, 1.6622249277773052e-09)"
0,0.4762719460135557,0.856209691748158,0.2305040557586142,0.8617830219198123,1159.0,"(0.6053873501426139, 6.075404369889984e-07)"
0,0.7637404160333605,0.9502702686988902,0.9197946059886117,0.5629993419823454,1362.0,"(0.42769463657368406, 0.0009050738660722119)"
0,0.7903793303535696,0.38111092708438016,0.584358264925729,0.9632987102598871,727.0,"(0.7445445832525432, 3.15781279000354e-11)"
0,0.8472683438623759,0.7097157604172788,0.03967408436289244,0.9756969847074662,1201.0,"(0.562156456027955, 5.350847875837649e-06)"
0,0.5929349641990063,0.16799059373811073,0.45534890148771445,0.7795674406217065,1031.0,"(0.64296718044665, 6.928431255986594e-08)"
0,0.7132976386171272,0.6856905990920807,0.33013102541580114,0.46561808322295434,1209.0,"(0.6745801828445696, 8.743214972788188e-09)"
0,0.8816044471472628,0.9271118117792727,0.14491161125194083,0.51877968104564,755.0,"(0.6982560652700658, 1.5604031786335948e-09)"
0,0.9083503949427633,0.5811744229269746,0.3796471436989365,0.6333594242581084,1218.0,"(0.5729345259992658, 3.2017687208057024e-06)"
0,0.3407829700552233,0.5384703762126841,0.812692747517335,0.8448199232974052,1397.0,"(0.5207627911576564, 3.2841742427682245e-05)"
0,0.9382772931143827,0.8787764798975525,0.06561711165809536,0.3180098980018767,1125.0,"(0.5553770064037903, 7.3240371048801185e-06)"
0,0.9427544934136372,0.4646089836019809,0.14006015003297428,0.21737749028555078,1256.0,"(0.407612816438586, 0.0016488231814027116)"
0,0.29697687747771395,0.7539088287567289,0.29096571468259114,0.26661704133757574,1073.0,"(0.6166886022574207, 3.258053307935205e-07)"
0,0.8185371210086787,0.14955919444015148,0.6905773862573054,0.09778600809673024,1410.0,"(0.6087076786655666, 5.071755071727385e-07)"
0,0.2458496049447767,0.03098796548563845,0.7920933521808281,0.2346719755048824,1216.0,"(0.6009456640497773, 7.710663928039992e-07)"
0,0.026900150261609745,0.17515413456382517,0.29243881741981115,0.21768821878896977,1143.0,"(0.3959958864082101, 0.002294716375670903)"
0,0.7854702656499774,0.9536924762873513,0.6751942730156585,0.16438221959186028,1135.0,"(0.6058863731281181, 5.913527300759305e-07)"
0,0.8613819506278304,0.0016372685697278937,0.653514491158959,0.5354274965565554,1151.0,"(0.7177950127208073, 3.3046124513026314e-10)"
0,0.6879765960397332,0.07004919472867163,0.0480737471991026,0.11005779291825867,752.0,"(0.6850905464595174, 4.149970406364279e-09)"
0,0.8894968540012925,0.17236043714162647,0.23769924129407333,0.8045430178819549,737.0,"(0.7039834297676641, 1.0029135578564648e-09)"
0,0.1640972848955049,0.15119037362917717,0.6352522716384207,0.2475770059504401,1649.0,"(0.43621097251725144, 0.000693913589679692)"
0,0.3407311392870538,0.05596372281049673,0.6560853336866564,0.7552505536112529,1560.0,"(0.25808384382579663, 0.052586872007321955)"
0,0.45936256791558006,0.6479527317883458,0.5642514160378022,0.4019578440556803,1226.0,"(0.5112353224026652, 4.8263901277824164e-05)"
0,0.005344539875389742,0.9681234974015472,0.061620721501585554,0.5685944123399668,1174.0,"(0.7051866816647232, 9.127574748551721e-10)"
0,0.5774054581575029,0.5376776757919547,0.4937066567017435,0.0546892956936913,1180.0,"(0.6553415729956791, 3.171851667289067e-08)"
0,0.14259584022799376,0.7535102983255874,0.1570707202934153,0.46315816092847156,1443.0,"(0.6016210188133635, 7.437947352681392e-07)"
0,0.5509712676378273,0.6233802570386971,0.7046781495037787,0.45014146229861196,1195.0,"(0.39971304306646743, 0.0020670366272372933)"
0,0.7522057248321353,0.49470709181557065,0.6436394219682622,0.7114718471109464,905.0,"(0.5160014880238475, 3.986628116794607e-05)"
0,0.3822204581981893,0.42001849551221104,0.2412375280250234,0.2298876025010338,1170.0,"(0.7090711286183555, 6.71262740441218e-10)"
0,0.5132824645766786,0.9802637557472058,0.00909152536846658,0.6981703320475924,930.0,"(0.46897291189055645, 0.0002335595642891078)"
0,0.9573992071604952,0.42845407860995,0.05387508238557832,0.643968272545532,851.0,"(0.615212481596026, 3.539226738325785e-07)"
0,0.7513508683778453,0.3639697090412597,0.8793942575644892,0.8710266776222755,1075.0,"(0.42599713901961156, 0.0009535107680724573)"
0,0.712282501188769,0.5058483448228941,0.8959237471231343,0.15395343785364882,1267.0,"(0.7024706076594405, 1.1282609742573602e-09)"
0,0.0841326050774468,0.9408664343828615,0.6520706571086063,0.02613134521038801,938.0,"(0.44926477924811326, 0.0004555450386620216)"
0,0.24658755450273784,0.6119731176899749,0.2772513499030378,0.8363308896459515,1150.0,"(0.4394595404473107, 0.0006258905931816855)"
0,0.33269096927013264,0.6005190611056928,0.25934605026545343,0.5898018702035066,969.0,"(0.4284595004600869, 0.0008839826606388826)"
0,0.8732823512956182,0.5150514740629835,0.851167840971838,0.029225592478173162,1190.0,"(0.5311999612652293, 2.125314284075629e-05)"
0,0.7838833401098863,0.44517941177560355,0.8455551590648801,0.009569391132306503,930.0,"(0.5235081097272347, 2.9330100532240836e-05)"
0,0.8487478967447862,0.4728891974441701,0.7587498580608782,0.15829090975147003,1151.0,"(0.5499178122401012, 9.383772051077588e-06)"
0,0.6340211180600924,0.33989285120392865,0.45336142869160423,0.5431038995066056,1272.0,"(0.5136612107189283, 4.3804954553330235e-05)"
0,0.4326606308344243,0.9922390214894448,0.8595048150182791,0.8624055589045133,1157.0,"(0.589585054479667, 1.3959416215642732e-06)"
0,0.6252003848558997,0.9793455775482407,0.6780359093908398,0.8739470690203384,1234.0,"(0.6006867052722936, 7.817695585864269e-07)"
0,0.8038263059027173,0.18002220923449624,0.949198529544374,0.14889957695904413,1233.0,"(0.548881578526346, 9.830910809616068e-06)"
0,0.9456255333009376,0.09852322087717484,0.8603246608184175,0.7583209374056954,1565.0,"(0.6359012192850133, 1.0657248989338972e-07)"
0,0.34611767522339154,0.3482913837597764,0.16419921934321668,0.57910145749565,1163.0,"(0.6543477327479654, 3.381735770851999e-08)"
0,0.4031415399850895,0.15379615960450588,0.7879377911549077,0.33463519980158596,1160.0,"(0.5438153234836853, 1.2316041505541246e-05)"
0,0.5251264945916452,0.4264449226646985,0.3319033854336195,0.42573805957643845,1275.0,"(0.3739227897335308, 0.00416688521238045)"
0,0.6714900980047456,0.04728722989032781,0.4759794450164848,0.6342156459381274,986.0,"(0.2670949956824963, 0.04459027936401463)"
0,0.26660218323296203,0.22001912974756896,0.6445181155414706,0.2897820997519971,1024.0,"(0.649643594687244, 4.565351864193661e-08)"
0,0.1349542574115219,0.26268149908692523,0.7044761165648631,0.05750902113417484,1513.0,"(0.5934945402731174, 1.1409678751440646e-06)"
0,0.16374459496926042,0.5430472134169073,0.0730374116059717,0.1598759022330084,1152.0,"(0.38625733939179324, 0.0030005533657441372)"
0,0.5962964077143194,0.3720375441460058,0.14929755687333657,0.222649682920571,1478.0,"(0.3775007626324702, 0.0037931415301634295)"
0,0.6198586203386026,0.9241685519492074,0.5236268899617095,0.8849126620081674,1300.0,"(0.3126775542425567, 0.01788083012582857)"
0,0.4592688437405418,0.5021614997062683,0.26505435644532394,0.38383019545084146,1147.0,"(0.5012263158045308, 7.144783447115424e-05)"
0,0.9631568771635964,0.7236388496769465,0.45783256415023926,0.4822324018991855,1253.0,"(0.6915196732484374, 2.5905537823384125e-09)"
0,0.561149603162765,0.26874643556159844,0.16564097475724876,0.5719422564183712,1099.0,"(0.5684066180189538, 3.981493806709986e-06)"
0,0.23768830836317056,0.15219452765586472,0.21267581773501826,0.3226629331280025,1300.0,"(0.44310594858480273, 0.0005567654793997584)"
0,0.6453869615168918,0.6608407674325324,0.6546933898279361,0.6175696834384691,1021.0,"(0.5414965117961155, 1.3637741022421057e-05)"
0,0.0950096950024768,0.5401311301170547,0.7339932312342388,0.3775631589912233,1142.0,"(0.5367266534466714, 1.6779776185455054e-05)"
0,0.21694381408713226,0.6145826875639059,0.9056359535422155,0.47039736512949015,1157.0,"(0.6110075393879073, 4.4700746879726664e-07)"
0,0.23774907939589707,0.44361611934723894,0.4808384291675136,0.7007291067156206,1199.0,"(0.5467484768322507, 1.0814291066678697e-05)"
0,0.38532576840915544,0.8574306603032751,0.20145212964752587,0.41474447570158834,1141.0,"(0.33345952473157764, 0.01125132685107745)"
0,0.26147744380919247,0.7875867230609671,0.24320945904463206,0.6977818898884831,1159.0,"(0.6814539760429318, 5.389194400961108e-09)"
0,0.2923965025752481,0.6834460664120438,0.021350646485390607,0.03157023481668822,943.0,"(0.5206629287306369, 3.297651116806415e-05)"
0,0.9855844078623187,0.8693039275602394,0.1702500065472148,0.04011359258192303,1112.0,"(0.4875203229595739, 0.0001199100999705487)"
0,0.887637997891544,0.4889752510870292,0.160062100806781,0.6695510719482548,1280.0,"(0.5620890890623148, 5.367747768322147e-06)"
0,0.50715932434128,0.9797859890554245,0.9817522939997996,0.7525064414738276,1317.0,"(0.5049491117238668, 6.183605150808107e-05)"
0,0.14943272288447906,0.6515153042523899,0.8175137821951627,0.8259091992895845,1288.0,"(0.5717358990720061, 3.3930044936917566e-06)"
0,0.20528631959981325,0.6123617401845863,0.7367342736725885,0.3210324308113973,1493.0,"(0.4687828658494062, 0.00023511473785517884)"
0,0.4526367296181202,0.9023403167361048,0.1185874936445078,0.7827804628169015,1117.0,"(0.5987274699681457, 8.673707383805473e-07)"
0,0.07464285043145169,0.13380425280608643,0.8459953171231003,0.4631334305231012,1213.0,"(0.5469008121145247, 1.0741144519132795e-05)"
0,0.1889317610007032,0.5257428452263567,0.3303097401540574,0.05140748997584545,1378.0,"(0.4959262202075337, 8.751424841708375e-05)"
0,0.686899283747694,0.9712817792675328,0.23771354734849792,0.9457483874502042,1369.0,"(0.4904295120106713, 0.00010762682902321003)"
0,0.033190783450218864,0.9848274888866032,0.4607925271972124,0.6069210896220748,1437.0,"(0.20284373426643137, 0.13020631678895123)"
0,0.5460549033757691,0.18623165352354457,0.4804241898112217,0.2695660998175244,864.0,"(0.6345530394570411, 1.155552429182964e-07)"
0,0.8329649531486497,0.5397792391692289,0.36698626351842417,0.43132945419168495,1304.0,"(0.6898089730363898, 2.940081561999001e-09)"
0,0.06319868907450388,0.6533427591813108,0.6806076274806564,0.7953300869373645,1115.0,"(0.42118295227887953, 0.0011038354539536536)"
0,0.6235064801027866,0.4550333400586173,0.876673422871997,0.8239217482613392,1109.0,"(0.6447369511711138, 6.209291390280076e-08)"
0,0.2938221677380627,0.40797327149937146,0.42261636196329844,0.2475574703261598,1217.0,"(0.22828507923801922, 0.08764291349340046)"
0,0.9535423530089813,0.8682813962501198,0.8457466886385346,0.849658276672983,1379.0,"(0.5268610034248373, 2.5512475973938945e-05)"
0,0.1858992929493204,0.46283759624491677,0.2461184553864387,0.46819673967447906,1573.0,"(0.5392525229766442, 1.5040913401855331e-05)"
0,0.1903350989936451,0.3755778224925328,0.8000515960266538,0.47455247006714135,1244.0,"(0.4897287123977221, 0.00011047536754795099)"
0,0.9451556714470835,0.3510956748867012,0.4012234799814724,0.3604980159984639,1019.0,"(0.6406522468041191, 7.987831239371808e-08)"
0,0.045135573361120174,0.021460115977191566,0.17222199359628598,0.3630659471916949,1234.0,"(0.5322440175988589, 2.0331595637555536e-05)"
0,0.7719923548573311,0.019691195303901867,0.8215538981906919,0.7135426482623793,976.0,"(0.5992588250294527, 8.433270323525646e-07)"
0,0.04689217246496369,0.5261508346106927,0.5437326861742454,0.07478734349512345,1062.0,"(0.4620153459045867, 0.00029704880345226913)"
0,0.4639989679647003,0.15143747679510683,0.4196458140963123,0.18605147334225994,1356.0,"(0.5893986932782814, 1.4093345686814095e-06)"
0,0.9976675256335416,0.26519062422634093,0.8342904206252251,0.9449849249303208,1159.0,"(0.6159169672591226, 3.4023108305061846e-07)"
0,0.6685521811201489,0.4570339904970738,0.8804116101602234,0.2560273659697691,821.0,"(0.25990688457227384, 0.050881390873883305)"
0,0.1528538312169777,0.2610914397977483,0.5787737438245089,0.09963443715829311,1375.0,"(0.5399435097361899, 1.4595195496974432e-05)"
0,0.07729727563569166,0.31826061171112024,0.6216522458195526,0.8754620312523675,1406.0,"(0.6735803790816843, 9.370750638050761e-09)"
0,0.44488922461911473,0.4094740636279348,0.7369944470583079,0.6052253059258121,1049.0,"(0.3970458992250339, 0.0022282412509305374)"
0,0.4555836065839588,0.6942633964783421,0.09914432844490617,0.15669915856941724,912.0,"(0.5392080238353036, 1.5070045299832714e-05)"
0,0.5290157441674234,0.53713459530586,0.35859721809822453,0.17187045333803605,912.0,"(0.576407837082335, 2.7028297518310272e-06)"
0,0.6834714277753011,0.7664624863843348,0.09076691218026875,0.8300342476292314,1154.0,"(0.4480918842662465, 0.00047342709040948004)"
0,0.7986090241034591,0.3411059160245443,0.3302474143276897,0.5238731156031657,1039.0,"(0.5831824180336731, 1.93136993625169e-06)"
0,0.6300867461475675,0.8394952848079232,0.41996001028801544,0.8542670691836755,810.0,"(0.5866548280408352, 1.6209549264694566e-06)"
0,0.8120259875952145,0.3878355751674676,0.6071029553241083,0.8437656077100325,865.0,"(0.6769276557476605, 7.422202104211221e-09)"
0,0.17818209428481846,0.8790475262685947,0.22517227928784786,0.08644418739270515,886.0,"(0.5362372925543011, 1.7137482528770154e-05)"
0,0.23721348600806813,0.3043106720826209,0.7547047730701528,0.825545665865528,841.0,"(0.7856273895201437, 4.585260939456051e-13)"
0,0.8710364263430838,0.6608255100838275,0.21808245388547232,0.8173653723480158,1215.0,"(0.4830429685674236, 0.00014134237096767845)"
0,0.7468227081589495,0.8081174941071813,0.4068587556015506,0.548198123995072,1146.0,"(0.6333956821485291, 1.2382971176901613e-07)"
0,0.15352152946508768,0.3973641755393849,0.36512834833112756,0.05536466426188264,1507.0,"(0.2153703356945883, 0.10763143997163788)"
0,0.2543440060404659,0.4800365744505528,0.08326317210800661,0.5237006938202072,1257.0,"(0.37477232445248676, 0.004075321786643499)"
0,0.41113245503260265,0.8198348538189577,0.29620365300050006,0.6884047784656411,1371.0,"(0.580416333719289, 2.21745634664788e-06)"
0,0.8320415155160298,0.5002707480933969,0.3178488889931182,0.7944447875795939,1013.0,"(0.6296105439540487, 1.5495081725306212e-07)"
0,0.07392404207808456,0.7481368395590031,0.4403913264099071,0.06647422520049553,1222.0,"(0.505438167144842, 6.066589682103435e-05)"
0,0.4063427052162547,0.24616584393463473,0.6023001844117503,0.14609366683264144,1236.0,"(0.5865253629635333, 1.6316383277567257e-06)"
0,0.5159807406631558,0.6593168308861117,0.17853385331796576,0.5070359505359319,788.0,"(0.5130821118624843, 4.483343733038853e-05)"
0,0.6423582006266961,0.37433031694971075,0.06159737239514404,0.06871364306341736,1439.0,"(0.39409602535501964, 0.0024194957169159114)"
0,0.9856311932137203,0.3109243010103462,0.003958425252433839,0.5177815526043085,1088.0,"(0.5187222526522055, 3.5699070076015654e-05)"
0,0.7882073145971583,0.6217439344954657,0.09429109322497178,0.9424535294450553,1328.0,"(0.5805732395641034, 2.2002240226073466e-06)"
0,0.47692230794458157,0.6266263925975433,0.21472784632700143,0.020001487398276743,1338.0,"(0.4943127334498045, 9.302707089700971e-05)"
0,0.772722586494521,0.9156330689527962,0.859607045074991,0.7296818665296048,1083.0,"(0.6682517661416016, 1.3498390402953751e-08)"
0,0.4140223791562955,0.26533337494370873,0.7788090748049704,0.8441576312948513,1224.0,"(0.7505768080305301, 1.786121551047267e-11)"
0,0.32646828701764274,0.5910608494419898,0.5248877707306006,0.4940082682597375,876.0,"(0.5700881014000243, 3.673319101903678e-06)"
0,0.29728257928173274,0.9226450573188111,0.04780391928740301,0.012990863746527503,1018.0,"(0.47079303345234386, 0.00021913351933607243)"
0,0.8618885089729769,0.9217503823822422,0.46302242590511833,0.02789583980842843,1657.0,"(0.5074407658865618, 5.608375915646222e-05)"
0,0.9230275469561303,0.8985490613916517,0.0650333746907422,0.9272915447100524,1038.0,"(0.48315484249957974, 0.00014076668972096956)"
0,0.5022905348050207,0.07090114978373634,0.9385425119248318,0.5782908787855544,732.0,"(0.6806625850246811, 5.701716377787723e-09)"
0,0.9818105930783034,0.6721677025475893,0.28717809078225515,0.007119436069754672,1445.0,"(0.483557772668005, 0.0001387110335923903)"
0,0.13167487332025007,0.001402581405322157,0.8575290963519785,0.2757354618503083,1220.0,"(0.5727668135904959, 3.2279080820567727e-06)"
0,0.3161095997999658,0.3513732983488479,0.412606206233339,0.06872564622204444,1019.0,"(0.7226111196243838, 2.2093088680960782e-10)"
0,0.24965532618970265,0.4534885453093607,0.46793664160091475,0.7264005900700009,1041.0,"(0.6289973601971428, 1.6063658652287335e-07)"
0,0.9335151170414223,0.9602130269125342,0.31808114436584056,0.9236591092123312,921.0,"(0.5957950053719497, 1.0120191185143687e-06)"
0,0.023121427699352548,0.29108584110748165,0.616409137024744,0.6352357054782051,1099.0,"(0.7658968725039292, 3.896197335576293e-12)"
0,0.5211338243672676,0.880118791130641,0.1535194210153445,0.6413479503546293,855.0,"(0.8004897409774716, 7.844062182156151e-14)"
0,0.7312702470194058,0.12486127599095834,0.8294286763131885,0.2994559139264104,1064.0,"(0.47106999907203395, 0.0002170110582706478)"
0,0.35967576552356295,0.7815099835181625,0.2647441960701113,0.45927705618671943,991.0,"(0.6723593993343157, 1.0194839531575904e-08)"
0,0.8473267815490644,0.5956065435569015,0.2924782379781947,0.5004808084857446,487.0,"(0.7753592978487477, 1.4343851614893088e-12)"
0,0.8936555377653027,0.7749098314346131,0.9002820143147554,0.9433358312986008,1008.0,"(0.5698973060044552, 3.707134399521211e-06)"
0,0.6329448750739096,0.32354026841084005,0.13122356469030572,0.12381411116260649,1005.0,"(0.5493084609074147, 9.644366150904255e-06)"
0,0.7154151648264915,0.2655601734593163,0.2770789543482931,0.022611723329461375,1311.0,"(0.5579168165949558, 6.51670714281873e-06)"
0,0.0916699263245343,0.09317719452276099,0.23863564791156763,0.11747971885427641,963.0,"(0.27993105505767396, 0.034946668440468634)"
0,0.9453364873574873,0.9826346097395031,0.3225094276414911,0.284965756800369,1230.0,"(0.4953753728038818, 8.936166885532521e-05)"
